{
  "space_utilization": 0.28730208333333335,
  "floor_area_ratio": 1.584375,
  "circulation_efficiency": {
    "circulation_ratio": 0.0,
    "avg_corridor_length": 0.0
  },
  "natural_light_access": 0.4,
  "structural_alignment": 0.5106382978723404,
  "vertical_stacking": 0.0,
  "adjacency_satisfaction": 0.0,
  "department_clustering": 0.37903088657832723,
  "overall_score": 0.20419997854662356
}